{"cameraMode":{"drawMode":0,"name":"Shaded","section":"Shading Mode"},"sceneLighting":false,"audioPlay":false,"sceneViewState":{"showFog":true,"showMaterialUpdate":false,"showSkybox":false,"showFlares":true,"showImageEffects":true,"showParticleSystems":true},"in2DMode":false,"pivot":{"x":8.654397964477539,"y":3.8969244956970217,"z":-3.109541416168213},"rotation":{"x":0.14674930274486543,"y":0.8137590885162354,"z":-0.23339080810546876,"w":0.5116600394248962},"size":4.854180812835693,"orthographic":false}