{"cameraMode":{"drawMode":0,"name":"Shaded","section":"Shading Mode"},"sceneLighting":true,"audioPlay":false,"sceneViewState":{"showFog":true,"showMaterialUpdate":false,"showSkybox":true,"showFlares":true,"showImageEffects":true,"showParticleSystems":true},"in2DMode":false,"pivot":{"x":-3.926337242126465,"y":1.5155911445617676,"z":-22.06239128112793},"rotation":{"x":0.0836464911699295,"y":0.7484195232391357,"z":-0.09617762267589569,"w":0.6508730053901672},"size":6.1967315673828129,"orthographic":false}